id,gender,name,department,income
709223,Female,Clarissa Farebrother,Support,2650.9
161823,Female,Livia Coniff,Support,2336.6
217015,Female,Aileen Glandfield,Human Resources,1518.3
968489,Male,Cosmo Doddrell,Business Development,7861
850038,Male,Neill Bloys,Accounting,5033
945430,Female,Lorette Geraldez,Research and Development,1998.5
145036,Male,Gaylor Pettko,Accounting,1909.6
385560,Male,Reider Gillian,Accounting,8184.4
114845,Female,Margarete Daddow,Training,1651.3
441654,Female,Cathleen Ramelot,Support,1748.6
645382,Female,Daniele Rosten,Research and Development,1083.6
593327,Male,Hamish Clissell,Legal,10701.6
176448,Female,Aleta Delatour,Engineering,1188.6
678296,Female,Estel Redwall,Engineering,2329.6
056419,Female,Petronilla Holworth,Services,5042.1
146175,Male,Darin Romanini,Training,3260.6
249545,Male,Wainwright Capron,Engineering,4813.2
791771,Male,Merry Walley,Research and Development,6080.2
151705,Male,Trueman Heathorn,Training,3344.6
581794,Male,Maurise Halburton,Training,8433.6
116769,Female,Danyette Spadazzi,Engineering,468.3
545871,Female,Randi Bingley,Business Development,4002.6
804019,Male,Niccolo Dowbekin,Legal,9146.2
272443,Female,Cathlene Silson,Legal,677.6
122962,Female,Matty Couvet,Sales,5215.7
633521,Male,Rogerio Gladstone,Marketing,3220
122468,Male,Bancroft Ughi,Human Resources,4391.8
402150,Male,Cece Mockes,Services,4506.6
495578,Female,Melany De Robertis,Legal,4996.6
317704,Female,Maxy Kop,Product Management,3250.8
320272,Female,Cybil Hattam,Services,5401.9
677899,Male,Gordon Dunlap,Engineering,4097.8
108846,Male,Georgie Marques,Human Resources,10523.8
233513,Female,Felicia Oxton,Legal,1708
944466,Female,Rozalin Strattan,Engineering,1211.7
246326,Male,Reese Di Bernardo,Legal,7424.2
913370,Female,Tiffy Proud,Marketing,1295
745323,Male,Jasun Widdowson,Research and Development,10248
989593,Male,Robbie Isgate,Product Management,7291.2
161418,Female,Dede Prall,Product Management,2281.3
374703,Male,Ariel Pepineaux,Engineering,9424.8
392695,Female,Kendra Cadell,Product Management,4375
239062,Male,Adrien Le Brom,Marketing,8625.4
692128,Male,Kristoffer Wilkes,Sales,7774.2
195759,Male,Greggory Noseworthy,Human Resources,9214.8
552195,Female,Lena Sherebrook,Services,1941.1
393557,Male,Paten Carreck,Support,3710
094181,Female,Angeline Mills,Engineering,2738.4
356493,Male,Ralph Leishman,Services,7667.8
566855,Male,Olly Cronk,Human Resources,1645
110013,Female,Brigida McClements,Research and Development,527.1
206121,Male,Ulric Insko,Sales,6476.4
307638,Female,Winni Sharrock,Training,2506.7
785658,Female,Ardra Amsberger,Marketing,5227.6
296076,Female,Kati Moodycliffe,Training,2580.2
676031,Male,Rodrigo Kohnert,Research and Development,8843.8
931833,Female,Shellie Newrick,Legal,4298
621992,Male,Reginald Temblett,Services,9611
726601,Male,Simmonds Titchard,Accounting,8951.6
208045,Male,Arney Riseborough,Engineering,667.8
839343,Female,Nelle Abrahmovici,Sales,3499.3
108389,Female,Saudra Petyakov,Support,595.7
275205,Female,Eryn Caldicot,Human Resources,2568.3
035242,Male,Tynan Chad,Services,1999.2
156177,Female,Danice Tampin,Product Management,2070.6
685697,Female,Charo Rooksby,Support,4529.7
927618,Female,Fae Casale,Accounting,3525.2
646302,Male,Gordie Ferraraccio,Product Management,11179
982615,Female,Tiffy Benkin,Product Management,4200.7
221210,Female,Ofella Merring,Services,1309.7
568768,Male,Nicolai Buckerfield,Human Resources,7102.2
930954,Female,Berny Hamer,Engineering,3566.5
000842,Female,Haley Ganniclifft,Marketing,3129.7
221527,Male,Isidro O'Luby,Product Management,9994.6
407177,Male,Sayres MacCaughey,Engineering,1456
208726,Female,Ariadne Ruthven,Sales,1948.8
930188,Female,Stephana Vynarde,Engineering,239.4
387749,Female,Karmen Corah,Training,1753.5
200466,Female,Alyse Kembery,Training,5520.9
228850,Female,Elisha Cliffe,Training,1733.9
833768,Male,Wayland McNerlin,Human Resources,711.2
336310,Male,Fraze Chessum,Marketing,6892.2
884714,Male,Stanwood Cunliffe,Business Development,10973.2
162033,Male,Terrel Ellam,Engineering,5849.2
163740,Male,Shadow Moehle,Engineering,9948.4
581062,Male,Theodore MacAulay,Engineering,6396.6
624994,Female,Benoite Gregorio,Support,2454.9
485780,Male,Gayle Bernaciak,Services,9081.8
282352,Male,Stephanus Angrave,Sales,10115
519840,Male,Cass Duffrie,Business Development,4691.4
933460,Male,Kingsly Mc Comb,Training,5579
709247,Female,Leisha Luscott,Sales,1939.7
661893,Female,Sabine Laurence,Services,5295.5
324682,Male,Manny Lyddy,Services,5811.4
454044,Male,Jarrett Kuschek,Research and Development,8642.2
230114,Male,Bradley Mannix,Support,3101
281121,Male,Ferguson Novis,Accounting,5418
842616,Female,Rubia Coole,Services,2915.5
407595,Male,Laughton Preene,Services,2535.4
996274,Female,Abbie Godbert,Accounting,511
601356,Female,Annmarie Wadge,Product Management,1212.4
289249,Female,Chickie Tregido,Human Resources,4203.5
299646,Female,Vivian Plummer,Research and Development,4841.9
241076,Female,Kellina Lyall,Research and Development,3321.5
338484,Male,Rem Jobb,Accounting,10375.4
988544,Male,Karel Gilroy,Human Resources,6766.2
765300,Female,Pauly Daintree,Product Management,734.3
019915,Male,Lin Trevers,Accounting,1646.4
251884,Male,Wylie Curnow,Services,8573.6
775042,Female,Laraine Belbin,Legal,3829
797566,Female,Mignon Yell,Sales,2268
682478,Female,Adore Stockport,Training,1547
435677,Female,Diane-marie Garrold,Research and Development,2132.2
745663,Male,Morty Daws,Services,4914
866349,Female,Janith Swindon,Business Development,1656.9
201165,Female,Aurilia Gianelli,Support,3168.9
084278,Male,Curran Connealy,Research and Development,3285.8
624164,Male,Chris Kidgell,Business Development,9136.4
758907,Male,Theobald Grayham,Sales,779.8
860062,Female,Serena McLurg,Human Resources,4035.5
626125,Female,Randa Boldra,Research and Development,2339.4
994471,Male,Lucho Hakking,Human Resources,6750.8
088354,Female,Penelope Gerren,Marketing,914.9
419445,Female,Ondrea Kemmet,Legal,399.7
028564,Male,Colas Brittain,Accounting,6806.8
152443,Male,Sholom Bodega,Business Development,5219.2
038836,Male,Petr Boswell,Business Development,3644.2
634850,Female,Dolorita Lunt,Human Resources,4895.1
564989,Male,Hillier Petrello,Accounting,2352
172864,Female,Maryrose Flescher,Research and Development,665.7
763599,Female,Cherrita Wharfe,Support,4715.9
471615,Female,Shayla Gunthorpe,Marketing,2580.2
753329,Female,Sabina Holtum,Engineering,4568.2
117128,Female,Krissy Oneill,Services,959
171616,Male,Konrad Dudley,Marketing,2765
076685,Male,Mendie Castelot,Accounting,5805.8
297025,Male,Bradney Roxbrough,Marketing,9595.6
259143,Female,Bathsheba Hostan,Support,2182.6
121310,Female,Debby Allcoat,Business Development,4385.5
225823,Male,Rudd Duding,Sales,10358.6
883975,Female,Robena O' Cloney,Services,2269.4
817961,Female,Chiquia Stammers,Marketing,2205
954069,Female,Stafani Embleton,Support,1818.6
228813,Male,Haily Dashwood,Human Resources,4510.8
032127,Male,Andrej Averay,Business Development,3173.8
764715,Male,Hewe Scarlan,Legal,6017.2
386616,Male,Gideon Message,Services,10829
070315,Female,Marice Coales,Accounting,4725
031149,Female,Jorrie Standeven,Human Resources,4799.2
272168,Female,Jenni Wimsett,Support,832.3
802674,Female,Ruthi Rennox,Product Management,1974
207712,Female,Shelby Fuchs,Business Development,558.6
391403,Female,Lucita Jenman,Research and Development,805
616269,Male,Oliver Momery,Support,6543.6
733860,Female,Cass Osbiston,Services,3049.2
700479,Female,Vikki Tschiersch,Sales,4548.6
859965,Male,Allyn Heintz,Research and Development,9794.4
719463,Male,Hirsch Bouldstridge,Human Resources,6519.8
216930,Male,Mattie Scrace,Services,1576.4
763218,Female,Jewell Gilbey,Support,3684.8
564510,Female,Winonah Coast,Sales,3288.6
270016,Male,Sully McVittie,Services,8429.4
894123,Male,Sidney Pilmore,Legal,11148.2
795252,Female,Kial Ubsdall,Services,2730.7
692761,Male,Bastian Georgescu,Legal,3375.4
051645,Female,Shanda Ryott,Business Development,5023.2
099159,Female,Noelani Neissen,Services,4651.5
875624,Female,Tamara Woodsford,Engineering,3297
022202,Male,Bengt Bolsover,Human Resources,8209.6
201772,Male,Sig Drayson,Engineering,5950
826711,Female,Aubrey Pockey,Legal,5318.6
000729,Female,Nert Brogini,Product Management,2662.8
048911,Female,Zenia Emm,Legal,3882.2
237357,Female,Rodina Dundin,Training,1738.8
678119,Female,Milena Antognoni,Legal,588
113460,Female,Vida De Vuyst,Legal,641.2
959043,Female,Blanche Mishaw,Engineering,4970
051449,Male,Roger Martell,Sales,7253.4
929137,Female,Dotti Lydster,Engineering,5068
977227,Female,Orsa Hek,Legal,2138.5
583217,Male,Stanton Hinken,Training,6529.6
099334,Male,Mycah Larby,Legal,9406.6
286395,Male,Quincey Stennett,Human Resources,7488.6
286694,Female,Addi Tupling,Product Management,2004.1
862621,Female,Tomi Rodda,Business Development,650.3
040844,Male,Derward Tumasian,Engineering,3572.8
049624,Male,Seward Fealy,Support,2020.2
290109,Female,Sherilyn Crockley,Human Resources,3191.3
251597,Male,Drake D'Hooghe,Services,5607
003932,Male,Obie O' Ronan,Accounting,3949.4
568149,Male,Cliff Cocks,Sales,4908.4
315426,Male,Justus Steckings,Accounting,4509.4
901614,Male,Taber Durtnall,Services,7775.6
639265,Male,Wyatan Skirling,Services,3598
251344,Male,Gery Cutmore,Accounting,7196
677767,Female,Ebonee Mastrantone,Services,4682.3
949733,Female,Marita Hens,Research and Development,2459.8
110587,Female,Trista Chester,Legal,849.8
956077,Female,Ashien Bampfield,Sales,4848.2
843394,Female,Tilly Joel,Support,5244.4
024668,Male,Virge Maycock,Support,2745.4
113901,Female,Jennette Peasee,Engineering,1070.3
397757,Female,Siusan Hambleton,Research and Development,4708.2
374062,Female,Bambi Moss,Legal,3573.5
126259,Female,Vere Brownsall,Product Management,681.8
317724,Male,Horace Di Giorgio,Training,9748.2
112017,Female,Lynnett Brownsett,Human Resources,4064.9
321585,Male,Erik McComiskey,Business Development,5881.4
169960,Female,Cristal Bracegirdle,Research and Development,2374.4
844173,Male,Moshe Spriggen,Training,9224.6
405479,Female,Dyann Issett,Product Management,4648.7
412827,Male,Gearalt Chalke,Training,5244.4
572178,Male,Rainer Tumber,Product Management,1904
246475,Male,Walden Rickets,Engineering,5831
910975,Female,Gracia Grzegorzewski,Sales,292.6
993133,Female,Cosette Hayen,Human Resources,1187.9
574592,Female,Germana Hengoed,Business Development,3801
419794,Female,Catha Hitter,Human Resources,4212.6
338161,Female,Candie Cunniff,Engineering,5172.3
672001,Female,Clementia Axtell,Services,5575.5
944987,Female,Christian Bog,Engineering,1739.5
382771,Male,Kinsley Pre,Research and Development,1908.2
680693,Male,Bearnard Cadell,Training,7800.8
873720,Female,Rosetta Seamen,Services,5334
505903,Male,Gibbie Sylett,Business Development,658
572020,Male,Boniface Mailes,Services,9616.6
588584,Male,Dalis Daysh,Sales,6939.8
703942,Male,Giorgi Mustill,Engineering,6489
294886,Male,Ken Radborn,Services,10710
570067,Female,Nanete Brickett,Support,764.4
359690,Female,Beryl Roxburch,Product Management,2844.8
638484,Male,Weber Eaton,Support,3915.8
640306,Female,Lulu Blas,Support,2879.1
138005,Male,Enrico Parzis,Sales,9541
823973,Female,Rozalin Dehn,Services,1017.1
275932,Male,Reynold Huckett,Training,6392.4
563546,Male,Butch Donavan,Support,9359
102020,Female,Philippa Dalston,Human Resources,3345.3
095773,Male,Alexandre Hryniewicz,Research and Development,982.8
724492,Female,Maribelle Bollum,Human Resources,1944.6
651375,Female,Dot Nenci,Support,983.5
342590,Female,Evonne Fredy,Support,2499.7
518164,Female,Maude Cassely,Legal,2445.1
188595,Male,Colman Gabey,Business Development,4680.2
716924,Male,Toby Frensch,Business Development,3495.8
251189,Female,Binnie Greenalf,Product Management,4261.6
520858,Male,Ambrose Woolway,Legal,1318.8
585994,Male,Diarmid Zellick,Legal,7908.6
509310,Male,Horten Labden,Services,3654
519540,Female,Viviyan Lyndon,Human Resources,550.9
148996,Male,Levey Bovingdon,Sales,10204.6
175792,Female,Clareta MacAughtrie,Training,4944.1
923590,Female,Anallese Serjeantson,Business Development,3316.6
480643,Female,Gwynne Sheran,Legal,1187.9
363744,Male,Con Bayles,Accounting,665
138110,Female,Evangelina Swadlen,Human Resources,5505.5
853887,Female,Yettie Skeels,Accounting,5082
040544,Female,Kendre Krollman,Human Resources,5348
022812,Female,Meta Browse,Training,3768.1
022091,Male,Francois Flight,Services,8874.6
970603,Male,Kerwin Rodder,Marketing,8836.8
871533,Female,Collen Mollene,Services,1656.2
757031,Male,Alexandr Schulze,Marketing,3844.4
950608,Female,Chelsey Outerbridge,Business Development,683.9
619900,Male,Antonio Crusham,Training,750.4
480214,Male,Sim Rusk,Research and Development,3607.8
843936,Male,Carlo Pidcock,Accounting,6400.8
005934,Female,Gwendolen Leggan,Research and Development,898.8
824036,Male,Rory Raspin,Product Management,7390.6
580846,Male,Richart Willeman,Sales,2273.6
637044,Female,Malena Dullard,Legal,3565.8
287187,Female,Jenifer Gontier,Research and Development,3418.1
297644,Female,Kamillah Beinke,Support,3010
125048,Male,Salim Wloch,Accounting,4970
059437,Male,Dave Antonomolii,Services,7288.4
202493,Male,Avery Meffen,Engineering,7677.6
571515,Male,Lydon Hansard,Engineering,4223.8
485320,Female,Caye Endrici,Sales,4244.8
495797,Female,Joelle Popov,Support,776.3
502648,Female,Loraine Pringell,Engineering,4297.3
789078,Female,Regan Beardsell,Services,5075.7
161682,Female,Loralyn Cawthera,Business Development,4144
000349,Female,Jobi Sherrard,Services,3111.5
882294,Female,Analise Caswall,Product Management,3154.2
138227,Female,Zorah Rubinowicz,Support,5105.1
125445,Female,Ellene Barabisch,Sales,1044.4
206048,Male,Lonnard Lurriman,Legal,10243.8
754553,Female,Lacey Hefferon,Research and Development,4473
015548,Male,Gaylord Helleker,Product Management,6099.8
468740,Male,Waylon Kender,Marketing,2737
993025,Female,Odelle Dallicott,Services,4928
527135,Female,Jany Grent,Services,1822.8
677433,Male,Manfred Jolland,Legal,1323
991613,Male,Alexandro Beazer,Support,10179.4
534599,Male,Travers Treweela,Product Management,1479.8
982698,Male,Devland Saywood,Services,4648
169340,Male,Aloin Sulland,Marketing,7838.6
481770,Female,Barbee Gronou,Training,1455.3
374230,Male,Gar Cyster,Human Resources,8673
840154,Female,Diann Peacock,Accounting,1263.5
993630,Male,Hermie Cohalan,Research and Development,435.4
842328,Male,Gardy Servante,Support,564.2
083679,Female,Jaime Jeffray,Human Resources,1951.6
446367,Male,Baird Cheatle,Accounting,8513.4
366926,Female,Myrta Meco,Training,3563
436049,Male,Gran John,Marketing,4642.4
006865,Female,Mariya Hulburd,Research and Development,5545.4
590384,Female,Anet Sackur,Training,4290.3
568139,Female,Elsy Peer,Business Development,4522.7
565572,Female,Shaun Peter,Training,3727.5
573718,Female,Eddy Plumb,Support,1297.8
795223,Male,Brion Gladman,Support,3914.4
708969,Male,Tore Townshend,Accounting,2331
603513,Female,Rebecca Minot,Human Resources,5010.6
959749,Female,Danita Newlyn,Human Resources,2342.2
474677,Female,Rosalynd Hasted,Legal,1360.8
770759,Male,Hughie Mac Giany,Training,10073
394344,Female,Reena Morrieson,Legal,4729.9
571946,Female,Cate Raphael,Training,4456.9
820325,Male,Erich Werendell,Training,6001.8
658019,Male,Filberto Sivyer,Business Development,2146.2
686851,Male,Arther Bidmead,Marketing,6399.4
773773,Female,Dix Fielder,Product Management,1638
857535,Male,Meir Ruddom,Marketing,2898
782625,Male,Arv Moreside,Engineering,2275
650344,Female,Lilas Shulem,Accounting,5121.9
645403,Male,Vale Goody,Marketing,9007.6
773764,Male,Tobias Grealy,Engineering,519.4
788652,Male,Scottie Vannar,Training,10623.2
099294,Female,Audrey Stoate,Support,3134.6
794428,Female,Zondra Hardaway,Sales,3822.7
865787,Male,Colet Innis,Legal,7963.2
358711,Male,Cornie Wason,Support,737.8
134478,Male,Pete Burridge,Support,1762.6
533013,Female,Antonella Wardale,Sales,5569.2
171760,Male,Rudy Fewless,Engineering,3579.8
771309,Male,Richardo Thompkins,Business Development,8912.4
641783,Female,Flori Knell,Training,4643.8
607678,Female,Thomasine Farmar,Human Resources,4573.1
036688,Male,Denny Brissenden,Accounting,7275.8
880894,Female,Arlette Gatman,Training,4635.4
526746,Female,Norean Germain,Sales,5160.4
669438,Female,Lacee Roadnight,Product Management,4232.2
831147,Female,Tabbatha Schutt,Services,1869.7
443383,Male,Ezechiel Healy,Support,8723.4
164602,Male,Galvan Benesevich,Business Development,8026.2
540112,Male,Dion Fildes,Services,3420.2
596090,Female,Simonne Jozsa,Support,4930.8
074665,Male,Merrill Carlisso,Services,10259.2
786803,Male,Ashby Swinley,Engineering,5770.8
779520,Female,Charity Bisseker,Training,828.8
412599,Male,Taite Jaquin,Sales,11033.4
862195,Male,Shep Mannooch,Training,2863
583257,Male,Gardner O'Keevan,Sales,10981.6
574319,Female,Pierrette Shaylor,Human Resources,1581.3
428206,Male,Allyn Grayley,Product Management,10367
827933,Male,Spenser Charkham,Business Development,6500.2
431913,Female,Doralin Bromont,Product Management,3164.7
444615,Male,Marven Beslier,Research and Development,9913.4
844972,Male,Sheffield Martill,Support,10586.8
905406,Female,Valentia Crosham,Support,3334.1
756742,Female,Donna Meriott,Product Management,643.3
693682,Female,Shirl Paolini,Engineering,2319.1
596591,Female,Clair Willingale,Support,5189.8
581968,Male,Fritz de Quincey,Engineering,5983.6
962399,Male,Ahmad Haill,Sales,3887.8
809831,Female,Carolina Kornilov,Training,863.8
804346,Male,Shepherd Birch,Engineering,5957
103167,Male,Sean Maberley,Training,1429.4
190847,Female,Charmian Gowrie,Training,3839.5
222110,Male,Den Kliche,Business Development,5821.2
086204,Male,Waiter Grassi,Engineering,4893
484952,Male,Valdemar Davana,Training,5947.2
924947,Male,Eddie Brumhead,Legal,3358.6
781049,Female,Birgitta Castrillo,Sales,1061.2
671370,Female,Giovanna Howatt,Business Development,659.4
329756,Male,Boyce Lydster,Legal,4375
251000,Male,Noll Tesimon,Accounting,8423.8
332705,Female,Corinne Droghan,Engineering,4633.3
099505,Female,Etta Hedley,Support,1421
968545,Male,Otis Kingsworth,Legal,3120.6
595445,Female,Aubree Brassington,Support,2528.4
266606,Female,Arabelle Aguilar,Services,5198.2
198024,Female,Merilee Riche,Services,1801.1
105831,Female,Shanie Capper,Support,2254
808142,Male,Rollin Defond,Marketing,9752.4
335584,Male,Samson McNay,Legal,4659.2
463033,Male,Garret Ledwith,Sales,3710
483533,Female,Wendeline Tubb,Support,4422.6
405628,Male,Cly Hylden,Product Management,10360
173262,Female,Sadie Werrilow,Product Management,1423.1
658536,Female,Corinna Hince,Human Resources,5481
594766,Male,Cal Plowman,Engineering,1737.4
348154,Male,Stewart Gleder,Accounting,1202.6
129472,Female,Kass Smuth,Accounting,3269.7
659518,Male,Moise Mulqueeny,Training,4506.6
027190,Female,Bibi Donovan,Product Management,2193.1
050990,Male,Jude Bayles,Product Management,483
233762,Male,Jean Seath,Engineering,3960.6
742982,Female,Chicky Barnwille,Training,3383.1
356245,Female,Rosalia Benech,Human Resources,4664.1
006551,Male,Rinaldo Raraty,Services,2410.8
234526,Male,Federico Tristram,Marketing,2483.6
885614,Female,Nana Crisford,Business Development,1227.1
863314,Female,Gayel Beedie,Legal,5190.5
883387,Female,Karon Scrane,Engineering,924
312589,Male,Keen Chiverton,Support,9139.2
749074,Male,Morris Harget,Training,5082
449476,Female,Francyne Winder,Legal,5206.6
579033,Female,Olympia Stevens,Engineering,4844
545151,Male,Son Waren,Accounting,8009.4
500435,Female,Anne Rosebotham,Product Management,5026
198656,Male,Corbie Lapthorn,Legal,1722
595734,Female,Mildrid Mullaney,Training,1151.5
562472,Female,Stafani Seed,Training,3091.9
228022,Female,Susan Benam,Marketing,2857.4
007776,Male,Rafael Weeke,Marketing,5822.6
224935,Male,Hodge Trimble,Engineering,7856.8
215012,Female,Rana Cashell,Support,3106.6
003613,Male,Dimitri Spolton,Services,8890
974704,Male,Waiter McConville,Training,1142.4
067923,Male,Shellysheldon Lemmer,Engineering,1695.4
519567,Male,Arthur Sahlstrom,Accounting,1638
022734,Female,Gerladina Warters,Human Resources,2298.1
526324,Female,Alyda Hagyard,Research and Development,4155.9
550540,Male,Gayelord Fryman,Training,2753.8
810990,Male,Onfroi Rosellini,Product Management,3446.8
790378,Male,Steven Daunay,Support,8906.8
839186,Female,Phillida Pretorius,Legal,1327.9
700115,Male,Cullan Sivior,Business Development,10376.8
099886,Male,Sunny Duncklee,Engineering,8456
288256,Male,Conrad Havercroft,Product Management,9773.4
321063,Male,Lorant Pohl,Training,7054.6
462707,Male,Dex Matuszkiewicz,Legal,1580.6
382175,Male,Cello Yanuk,Sales,3470.6
368170,Male,Izaak Steptowe,Support,1041.6
612383,Male,Giustino Allnutt,Sales,3841.6
437752,Female,Valene Bamlett,Services,4204.2
517402,Female,Elaina Phipp,Accounting,5026.7
026612,Male,Matthaeus Eagell,Research and Development,4261.6
032224,Male,Consalve Mohun,Business Development,8195.6
355327,Female,Nonah Coger,Accounting,2708.3
249780,Female,Appolonia McCurdy,Business Development,2230.9
422265,Male,Chaddy Altamirano,Services,6554.8
978135,Male,Hilly Buard,Support,10270.4
748778,Female,Renie Degue,Human Resources,497.7
380863,Male,Barnett Cubitt,Research and Development,8346.8
370559,Male,Doug Bardill,Training,6507.2
293508,Female,Jonie Aronoff,Legal,3052
623328,Male,Agosto Northwood,Business Development,10080
042831,Female,Adara Moulder,Engineering,2004.1
051726,Female,Noemi Ungerer,Services,1466.5
775594,Female,Carroll Gravenell,Human Resources,1486.8
320983,Female,Kerrill Benditt,Marketing,3833.2
865145,Female,Shirlene Willoughby,Services,768.6
185874,Male,Salmon Kiffin,Product Management,10760.4
019891,Female,Clarie Cunnell,Support,4119.5
887109,Male,Taylor Peizer,Engineering,8642.2
012147,Male,Irvin Scurfield,Business Development,8897
164706,Male,Hobey MacFarland,Legal,4267.2
895429,Female,Elicia O'Dougherty,Business Development,323.4
941836,Male,Red Saberton,Accounting,8836.8
229366,Female,Melitta Skyrm,Product Management,3495.1
935998,Male,Ches Heikkinen,Support,5713.4
175820,Female,Kanya Rosier,Research and Development,2920.4
545866,Female,Devon Fayers,Training,3390.8
176909,Female,Alfreda Rodbourne,Product Management,2072
639704,Male,Thaxter MacPeice,Accounting,10864
067029,Male,Rafi Fisher,Legal,6238.4
802530,Female,Andi Woodrooffe,Marketing,2846.9
862395,Female,Lorrie Olland,Human Resources,5065.9
238298,Female,Nicki Gyde,Services,1719.2
806642,Male,Richart Westrip,Research and Development,5215
643330,Female,Shae Kendle,Legal,2029.3
614976,Male,Iain Keslake,Support,6651.4
626636,Male,Agustin Lascelles,Sales,567
274422,Female,Noni Giovani,Sales,3159.8
505437,Female,Ina Alvarado,Services,3528
475398,Female,Laurianne Crauford,Business Development,1223.6
886594,Female,Mariellen Corkett,Support,1824.2
660772,Male,Rockie Swain,Product Management,8778
612281,Female,Margaret Ladd,Research and Development,1193.5
846176,Female,Sharl Aberkirder,Research and Development,1124.9
909782,Female,Letitia Pretious,Research and Development,438.2
191440,Female,Merrilee Ritson,Support,5369
580888,Female,Liuka Huntar,Sales,4859.4
928055,Male,Lemmy Crilley,Accounting,457.8
219887,Female,Blakeley Davidi,Engineering,1106
687825,Male,Rickey Coppo,Engineering,7490
744688,Female,Happy Saket,Human Resources,5247.2
920354,Male,Doug Warrington,Training,9212
471912,Female,Phelia Yu,Human Resources,4291.7
661438,Female,Joby Barthelmes,Accounting,1486.1
541172,Male,Garner Lejeune,Accounting,7074.2
431266,Female,Flor Smalman,Research and Development,5096.7
290341,Male,Ransell Enion,Engineering,6071.8
463439,Male,Hector Arzu,Sales,2753.8
154043,Male,Aldon Tofts,Research and Development,7670.6
636411,Female,Melamie Vittel,Human Resources,3513.3
098348,Female,Adaline Kippen,Business Development,3284.4
201740,Male,Rorke Allred,Services,2325.4
753592,Male,Stern Casoni,Marketing,1715
899400,Male,Dex Pendell,Accounting,1332.8
603912,Female,Katinka Sidry,Business Development,3042.2
787479,Female,Sabra Lepard,Sales,3232.6
503126,Female,Anita Rowson,Human Resources,1724.8
751239,Male,Perren Cabell,Legal,7229.6
621962,Male,Eugen Holmyard,Product Management,2779
954945,Female,Sybil Malby,Engineering,3710
812559,Male,Albie Weatherburn,Services,2632
476727,Female,Angie Sever,Product Management,1710.8
979306,Male,Fransisco Brotherhood,Engineering,10253.6
993648,Female,Issy Mapis,Human Resources,1716.4
224021,Male,Benedetto Sleight,Product Management,8335.6
987330,Female,Easter Agent,Services,1943.2
631010,Female,Juana Fancett,Sales,947.1
481057,Male,Ruddy Claxton,Training,1034.6
211020,Male,Hunt Choules,Product Management,2415
295410,Female,Oriana Hawker,Marketing,4195.8
479816,Male,Cletis Fennell,Engineering,10320.8
926788,Female,Lilli Moss,Marketing,1322.3
689681,Male,Jess Aire,Human Resources,7809.2
956315,Male,Barri Sparling,Human Resources,3435.6
016603,Male,Drew Fairburn,Research and Development,8521.8
325994,Female,Flossi Nevett,Sales,5335.4
549373,Female,Brita Camerello,Support,1915.9
439123,Male,Tyrus Shingfield,Sales,5212.2
776856,Female,Cordie Breinlein,Business Development,5312.3
918267,Male,Arney Vitet,Engineering,5723.2
400943,Female,Gisela Ellison,Human Resources,1966.3
384419,Male,Chance Bolger,Sales,5769.4
616594,Male,Conny O'Regan,Services,8864.8
983505,Female,Brandy Straffon,Human Resources,966.7
892629,Male,Hort Hayes,Sales,2167.2
643049,Male,Chester Biddlestone,Research and Development,2087.4
054099,Male,Derward Coulston,Marketing,6465.2
972120,Female,Gerianna Iddins,Sales,5446.7
144266,Male,Alexei Bumfrey,Business Development,9549.4
587911,Male,Rabbi Mackrill,Services,10788.4
509974,Female,Deerdre Cavendish,Human Resources,4710.3
336339,Male,Way Goldhawk,Product Management,3831.8
862220,Male,Vachel Burcombe,Marketing,9970.8
520331,Male,Tomaso Springle,Research and Development,5625.2
154865,Male,Hadley Curtayne,Engineering,2623.6
264971,Female,Velvet Willcott,Sales,5262.6
627174,Male,Patrice Merritt,Training,2304.4
848683,Female,Sandie Deas,Training,1890.7
970921,Male,Sheffie Cocking,Engineering,9076.2
997109,Female,Chrissie Radnage,Product Management,3367.7
955124,Male,Enrique Ong,Support,5577.6
806402,Female,Ulrikaumeko Milnes,Training,4755.8
066638,Female,Brenna Begwell,Accounting,1227.8
903919,Female,Kendra Motton,Human Resources,2633.4
985939,Female,Hanny Jeschner,Accounting,5213.6
936121,Male,Fairfax Dahlen,Research and Development,10628.8
712526,Male,Brooke Boxer,Sales,9634.8
450057,Male,Nikolas Graveney,Business Development,9550.8
112417,Female,Faythe Keeltagh,Sales,1435.7
044691,Male,Duffie Maycey,Engineering,1997.8
339003,Female,Dotty Bartosinski,Research and Development,1835.4
396601,Female,Danika Clarke,Sales,5165.3
706028,Female,Cherilynn Gerrish,Business Development,4180.4
457309,Female,Leticia Krolman,Accounting,1820.7
042977,Male,Brandy Kuzma,Research and Development,807.8
132807,Female,Barry Tattoo,Human Resources,2957.5
829300,Female,Dru Zuppa,Support,5345.9
890202,Female,Kristal Hayter,Business Development,514.5
930744,Male,Daven Connell,Services,7914.2
656177,Male,Moishe Purcer,Accounting,5938.8
873325,Female,Bonita Schutze,Research and Development,1036.7
039321,Male,Donavon Fosbraey,Training,6244
210196,Female,Charlean Statersfield,Marketing,373.1
832805,Female,Felecia Alpine,Sales,4550
440521,Male,Aguistin Kesley,Engineering,8323
814625,Male,Edan Grace,Services,4179
311568,Female,Carleen Garstang,Sales,2608.9
846762,Female,Carmela Hetterich,Engineering,2690.8
967682,Female,Jade Rattray,Training,2691.5
147173,Male,Cece Shadfourth,Product Management,4741.8
899656,Male,Thedric Jewett,Support,1934.8
911940,Female,Olympe Hawtrey,Research and Development,1811.6
301166,Female,Francoise Handke,Product Management,3913
290108,Male,Vladimir Broddle,Research and Development,569.8
478021,Female,Sissie Jayes,Services,360.5
740856,Female,Renie Rollins,Marketing,3389.4
933919,Male,Rossie Brice,Support,2545.2
950167,Male,Odo Chazelle,Accounting,6605.2
120519,Male,Baxter Trayes,Sales,4762.8
741318,Female,Amalie Halmkin,Training,3964.1
710933,Male,Roma Brotherick,Legal,5482.4
350820,Female,Emmie Szymanowski,Engineering,4004.7
316489,Male,Giulio Gainseford,Research and Development,5605.6
812214,Male,Brent Ioselev,Services,10337.6
893222,Male,Forrester Malim,Legal,2893.8
628300,Male,Alleyn Petrecz,Research and Development,8576.4
060732,Male,Gibb Badwick,Engineering,8475.6
574765,Male,Roy Lucus,Accounting,9335.2
130190,Female,Kaja Cowl,Business Development,226.1
786194,Female,Dela Beningfield,Support,3889.2
431453,Male,Salomone Yonnie,Accounting,2657.2
437367,Male,Colver Nozzolinii,Sales,6804
808128,Male,Hallsy Duddell,Support,2822.4
028762,Male,Yvor Poff,Human Resources,6967.8
366143,Male,Sonnie Karppi,Sales,7740.6
062084,Male,Nathanial Dunnett,Legal,10096.8
183007,Female,Caressa Schnieder,Research and Development,3950.8
676197,Female,Ella Dowdell,Support,1047.9
705654,Female,Grayce Vaney,Business Development,4974.2
624351,Male,Ellwood Sawkins,Marketing,5748.4
032946,Male,Victoir Medendorp,Services,10760.4
450679,Male,Eustace Tiery,Services,10168.2
318816,Female,Jemimah East,Accounting,5107.9
341155,Male,Georgie Alderwick,Training,7613.2
381315,Male,Gasper Antrobus,Marketing,10782.8
342459,Female,Beverie Vaughan,Services,1913.1
493891,Male,Tye Purchall,Research and Development,2284.8
730035,Male,Nathan Meads,Legal,1989.4
517236,Male,Reider Cassius,Legal,6854.4
924339,Male,De witt Winsom,Legal,9699.2
153493,Male,Mel Vipan,Product Management,1122.8
912090,Female,Cissy Lindberg,Sales,3374.7
413670,Male,Romeo Brambill,Human Resources,5252.8
235951,Female,Cymbre McLuckie,Research and Development,874.3
502211,Male,Paulie Claiton,Engineering,4337.2
314378,Female,Pierrette Barnfather,Product Management,4004
403942,Female,Norah Maddern,Marketing,750.4
886751,Female,Siobhan Yaxley,Marketing,5189.1
437152,Male,Pen Bartali,Product Management,9959.6
843081,Male,Dana Mathiasen,Product Management,5019
828867,Male,Henri Sjostrom,Sales,5334
400581,Female,Maridel Andreotti,Marketing,1061.2
188321,Male,Whitaker Hornig,Accounting,3046.4
754923,Male,Laney Jentet,Support,2574.6
936309,Female,Dorothea Wailes,Support,3108.7
682510,Male,Robin Woodlands,Services,2566.2
714484,Male,Douglas Yakubovics,Research and Development,8443.4
963471,Female,Brunhilde Blamires,Sales,1526.7
469646,Female,Lurline Brough,Accounting,1010.8
886079,Female,Fanchon Roby,Marketing,1306.9
156080,Male,Kingston Zincke,Product Management,7359.8
462357,Male,Shelley Parfitt,Research and Development,3428.6
622863,Female,Tamarra Kindley,Support,1064.7
394084,Male,Andre Fielders,Support,10512.6
610061,Female,Shelli Dyet,Product Management,5208.7
148567,Male,Melvyn Ottewell,Business Development,6997.2
995919,Male,Janek Caulton,Business Development,7765.8
521680,Male,Dillie Rounce,Accounting,8045.8
085725,Male,Broddie Hames,Training,3126.2
103759,Female,Nathalia Ivanishev,Support,4707.5
920430,Male,Ase Gallacher,Engineering,6724.2
804385,Female,Consuelo Surtees,Support,2029.3
754931,Male,Sander Gocke,Services,10848.6
173866,Female,Joycelin Syne,Legal,4528.3
626575,Male,Farrell Backhouse,Training,2758
011712,Female,Dedie Sharpling,Human Resources,4565.4
840795,Female,Dinnie Ryal,Business Development,3197.6
880678,Female,Margalo Weakley,Accounting,3889.2
780132,Male,Jonathon Walcot,Accounting,6378.4
790604,Female,Theressa Salan,Business Development,3994.2
568547,Male,Herman Swainston,Training,6459.6
193460,Female,Emmalynn Courtliff,Product Management,3501.4
427157,Female,Vivienne Chadwick,Human Resources,3572.8
336010,Male,Mordy Andreolli,Marketing,4062.8
124030,Female,Manda Krishtopaittis,Accounting,3416.7
320527,Female,Heloise Slader,Services,4035.5
312779,Male,Ronnie Kenneford,Support,8150.8
941718,Female,Shelia Hardan,Training,3766.7
951577,Female,Faustine Hilley,Accounting,1597.4
257488,Male,Herby Stubbe,Business Development,11160.8
643373,Female,Joyce Swaisland,Training,2259.6
351927,Male,Sonny Geratasch,Sales,1638
009656,Female,Sindee Dohmann,Engineering,2629.2
187927,Male,Kev Nelthrop,Research and Development,6865.6
356460,Female,Dodie Menendes,Sales,1251.6
666981,Male,Adlai Trevains,Business Development,995.4
381657,Female,Astrix Oxteby,Support,1456.7
758700,Female,Darya Yeldon,Product Management,4077.5
474510,Male,Ricoriki Stoodley,Training,2073.4
470730,Male,Artus Grandin,Product Management,8412.6
463506,Male,Robbie Huitson,Engineering,8765.4
882875,Female,Giulietta Stanlack,Accounting,681.8
902771,Male,Andonis Closs,Product Management,1349.6
054250,Female,Charmaine Immings,Human Resources,2741.2
821929,Female,Adelina Crankhorn,Legal,574
463879,Male,Nataniel Amyes,Business Development,5805.8
072942,Male,Sibyl Thunnercliff,Services,4191.6
300461,Male,Jarad Hartropp,Human Resources,4314.8
123088,Male,Stanley Wiskar,Business Development,10101
941016,Male,Wolf Jantzen,Services,4145.4
827426,Male,Maximilian Nortcliffe,Training,10745
210059,Female,Verine Penke,Product Management,3710.7
932677,Female,Jillene Tremmil,Services,275.1
611654,Male,Davide Phlippi,Training,2683.8
621333,Female,Missy Raleston,Human Resources,1889.3
629781,Male,Kermy Rolland,Sales,2209.2
563097,Female,Candace Wegner,Product Management,3087.7
214414,Male,Percy Ropp,Human Resources,10633
020430,Male,Lennard Persehouse,Sales,5310.2
363582,Female,Lilia Furmston,Support,3826.9
105100,Female,Jacintha Pretty,Marketing,790.3
599570,Male,Ellary Giffin,Services,3393.6
131867,Female,Bessie Piatek,Support,3660.3
258672,Male,Niles Spires,Accounting,3451
937648,Female,Ines Moniker,Product Management,5365.5
268836,Male,Edan Hayller,Human Resources,1127
307159,Male,Wendall Kwietek,Business Development,1113
963368,Female,Costanza Kordas,Services,2921.8
514623,Female,Staci Stutter,Business Development,4013.8
198306,Female,Rachel Calcraft,Sales,350
489550,Female,Angeline Glacken,Accounting,406
445614,Male,Forester Juppe,Legal,1654.8
581916,Female,Lorine Peterson,Sales,5383.7
513241,Male,Victoir Gwyn,Accounting,5264
361801,Female,Kathrine Selbach,Services,5130.3
997565,Female,Sindee Crossgrove,Product Management,5412.4
231127,Female,Yolane Voden,Accounting,2763.6
091638,Male,Adolf Congdon,Product Management,3334.8
765024,Female,Karla Gethin,Marketing,2521.4
329258,Male,Gavin Megarrell,Accounting,2697.8
983242,Female,Janeczka Housego,Research and Development,2873.5
487163,Female,Odessa Pulham,Product Management,4335.8
990894,Female,Charity Clist,Product Management,4782.4
328860,Male,Gerri Gissop,Training,7875
253479,Male,Sheffield Stanex,Sales,8198.4
952821,Male,Bearnard McRuvie,Marketing,11051.6
676005,Female,Jacqueline Janku,Human Resources,2793.7
672581,Male,Trever Webben,Training,1881.6
153690,Male,Lalo Alster,Marketing,9692.2
412113,Female,Tessi Woodfield,Training,5541.2
522750,Female,Mommy Radke,Engineering,2156.7
366651,Male,Kingsley Plaunch,Services,10956.4
243637,Female,Julianna Manuel,Legal,2281.3
572384,Male,Sim Thomason,Business Development,7382.2
315435,Female,Jayme Ghirigori,Training,729.4
322916,Female,Dorrie Malacrida,Training,658.7
084089,Female,Heath Chilley,Accounting,3035.9
884962,Female,Marti Greve,Marketing,2790.2
929343,Male,Torrey Mellenby,Marketing,5789
108482,Female,Rosamund Tebbett,Human Resources,1757
505974,Female,Ethelin Harvard,Sales,5172.3
157105,Male,Otho Deason,Product Management,942.2
604769,Female,Shaun Devo,Legal,5093.9
928745,Female,Terra Jouhandeau,Engineering,3468.5
739711,Male,Syman Rigolle,Support,4172
146363,Female,Lonee Salthouse,Sales,4764.2
575331,Female,Paula Imm,Legal,2912.7
764511,Female,Clovis Heminsley,Human Resources,3973.9
031528,Male,Dexter Claffey,Training,4338.6
109999,Female,Virgie Crimmins,Product Management,1752.8
983487,Female,Shanda Hulse,Services,403.2
334055,Female,Sheela Reina,Services,2062.9
695825,Male,Kirk Anfosso,Sales,10039.4
411294,Male,Willey Dodell,Legal,9486.4
817546,Male,Ignacio Aldrin,Product Management,2366
501331,Male,Chadwick Hadland,Sales,9604
271557,Female,Sherry Bilston,Legal,3553.2
560075,Female,Corabelle Theurer,Marketing,1649.9
096439,Female,Ida Gergolet,Human Resources,3902.5
969479,Male,Nikolas Cowling,Services,6984.6
321921,Female,Melosa Mynett,Services,4406.5
390304,Male,Homerus Studdal,Training,1792
245929,Male,Kenneth Pykerman,Accounting,4016.6
862653,Female,Lilias Bevar,Training,3080
788956,Female,Almire Pfaffe,Research and Development,1052.1
584385,Female,Elinor Magovern,Legal,2287.6
635419,Female,Agata Conklin,Training,1654.8
731428,Female,Rubina La Wille,Business Development,2442.3
543039,Female,Janot Playford,Product Management,5456.5
627192,Male,Archy Barrie,Engineering,4069.8
546743,Female,Eryn Brodway,Human Resources,4491.2
673912,Male,Delmar Hedgeley,Engineering,3556
421809,Female,Dasi Vlasenko,Business Development,4827.9
092063,Female,Rosa Ricardin,Human Resources,3819.9
382628,Male,Consalve Finlator,Services,2847.6
357238,Male,Brent Romney,Research and Development,5717.6
545293,Female,Maia Kelwick,Engineering,435.4
278327,Female,Monica M'cowis,Support,404.6
560311,Female,Adelice Adamsen,Product Management,4445.7
096689,Male,Gabriel Paolino,Human Resources,2256.8
283588,Male,Aldrich Teanby,Sales,8569.4
156637,Female,Deb Saffe,Marketing,2581.6
777370,Female,Nisse Tedridge,Support,2765.7
858743,Female,Oona Otridge,Legal,4897.9
431055,Female,Marabel Petruska,Marketing,1558.2
085526,Male,Cary Wren,Engineering,3740.8
241071,Male,Adolph Adamkiewicz,Marketing,11134.2
523775,Female,Sarita Durrant,Accounting,5338.2
667051,Female,Darcey Diggons,Business Development,1849.4
377400,Male,Geoff Start,Services,3980.2
443966,Male,Percy Hudel,Sales,2111.2
726338,Female,Karissa Durant,Human Resources,1119.3
759226,Female,Matilde Belfitt,Human Resources,2681.7
744006,Male,Frank Heffy,Research and Development,9998.8
524660,Female,Carlotta Thurborn,Training,3298.4
614928,Male,Freedman Kelemen,Engineering,6371.4
277101,Male,Koenraad Illesley,Engineering,9709
626137,Male,Ruggiero Love,Research and Development,9865.8
734566,Female,Minna Ruggier,Sales,543.2
157230,Male,Haydon Oliva,Legal,2451.4
992609,Female,Katharina Pulford,Business Development,310.1
049287,Male,Lydon Casaccio,Engineering,8489.6
917532,Male,Tucker Gemlbett,Legal,9097.2
549187,Male,Nolan Wootton,Legal,1769.6
546937,Male,Von Brumwell,Services,7553
930728,Male,Silvio Boldra,Human Resources,953.4
991929,Male,Chucho Patrone,Training,9942.8
037425,Female,Channa Lorentz,Research and Development,3083.5
304419,Male,Derick Fance,Support,3592.4
225573,Female,Astrix Fausch,Business Development,788.9
751296,Female,Cordey Bootes,Support,1218.7
412191,Female,Naomi Willavize,Legal,2322.6
849370,Female,Dion Hargate,Services,1768.9
277508,Male,Hillery Andersson,Marketing,7691.6
806149,Female,Flori Lindenstrauss,Training,4420.5
265483,Male,Oswald Hefford,Accounting,2266.6
175525,Male,Lew Woolam,Human Resources,8689.8
957476,Female,Lydie Fryers,Legal,4550.7
221648,Female,Rosalia Clurow,Support,718.9
822130,Female,Paulie Holwell,Support,3969
398938,Male,Lonnard Pagelsen,Accounting,5784.8
311335,Female,Eve Tellenbrook,Product Management,660.1
757671,Male,Bancroft Gwalter,Services,7050.4
695362,Female,Irena Karpf,Sales,5297.6
276982,Female,Arlene Harmes,Training,5497.1
754639,Female,Toinette Delahunt,Support,4625.6
224106,Female,Caresa Ionn,Business Development,1043.7
783176,Male,Barrie Brammer,Services,1499.4
496747,Female,Marjory McEntee,Sales,3140.9
365579,Female,Hestia Rathborne,Product Management,1880.2
824533,Male,Pen Pudsey,Product Management,3518.2
081052,Male,Davidde Couzens,Accounting,1433.6
163074,Female,Sherie Faireclough,Services,2737.7
670313,Male,Jules MacPherson,Product Management,3200.4
626471,Male,Jermayne Elmhirst,Business Development,8335.6
909474,Female,Edee Renish,Business Development,4947.6
492258,Male,Percival Vondra,Legal,2200.8
312278,Male,Nathanil Risen,Engineering,4076.8
466330,Female,Roberta Tizard,Sales,3546.2
432618,Male,Boone Smithe,Marketing,5885.6
320669,Female,Dynah Roalfe,Services,1396.5
021859,Female,Minni Kennerley,Services,4738.3
632167,Female,Lianne de'-Ancy Willis,Sales,1288.7
844460,Male,Giffie Brecon,Marketing,10413.2
685658,Male,Eugenio Defries,Business Development,2025.8
111010,Female,Marinna Hobden,Accounting,2076.2
972565,Male,Yorker Wanklyn,Product Management,879.2
082783,Female,Sashenka d' Eye,Engineering,517.3
049296,Female,Rosita Buss,Legal,3124.1
169718,Female,Ulrike Crate,Marketing,2173.5
320166,Female,Hilliary Stigers,Engineering,863.1
175090,Female,Joyce Shovel,Legal,2819.6
237297,Female,Bellanca Graeme,Training,3440.5
078916,Male,Em Ciccottini,Support,9256.8
488719,Male,Jud Gilburt,Engineering,4165
731096,Female,Dorelle Congreave,Accounting,3922.1
720085,Male,Norby Draco,Business Development,1117.2
389119,Female,Tonie McMorland,Accounting,3977.4
507415,Male,Barton Coster,Business Development,2706.2
983804,Female,Evey Locket,Support,1585.5
241698,Female,Lanette Blemen,Sales,4391.8
620560,Male,Constantin Lowrey,Legal,5770.8
360327,Female,Quintilla Gealle,Accounting,2025.1
219457,Female,Mavra Olsen,Engineering,1921.5
561056,Male,Garrik Murrie,Support,10663.8
066513,Female,Bobine Skitch,Human Resources,3381.7
555870,Female,Pansy Bottlestone,Legal,1130.5
381662,Female,Tobey Dupoy,Services,1425.9
805302,Male,Zared Godlee,Training,3656.8
813332,Male,Stu Line,Marketing,634.2
577652,Male,Wolfie Bartholomaus,Research and Development,8022
907836,Male,Yurik Cardenoso,Product Management,1044.4
411882,Male,Donnie Van den Dael,Business Development,7247.8
992888,Male,Noland Nazaret,Engineering,4677.4
762193,Male,Stevie MacAllan,Services,8239
023501,Female,Antonie Hitzke,Sales,804.3
901392,Female,Geraldine Burlay,Accounting,1838.2
113138,Male,Elisha Abrami,Product Management,8278.2
923543,Female,Cate Creegan,Legal,3487.4
774225,Female,Lonee Stratten,Marketing,998.9
399036,Male,Bailie Durran,Human Resources,4030.6
449908,Female,Abra Hebditch,Research and Development,745.5
493704,Male,Davis Zambonini,Accounting,2797.2
328263,Male,Cliff Leuchars,Accounting,7110.6
181690,Male,Bernhard Marshalleck,Engineering,9930.2
101425,Female,Indira Mountfort,Training,2319.8
545012,Male,Vaclav Fennick,Product Management,8960
622231,Female,Carma Lorrie,Support,4265.1
427781,Female,Mirabella Edlington,Marketing,2440.2
051527,Female,Janelle Lauderdale,Marketing,4776.1
951060,Female,Doria Bellard,Human Resources,580.3
505240,Male,Joseito Pester,Support,3971.8
025731,Female,Bernardine Windas,Sales,3977.4
498047,Male,Mendy Daniells,Product Management,5871.6
242496,Female,Jessamine Roobottom,Support,2522.1
835880,Male,Bertie Motte,Product Management,7806.4
844764,Female,Maurise Showler,Accounting,2002
294906,Male,Elwin Gerholz,Product Management,9028.6
664680,Female,Anne-corinne Matussow,Marketing,1185.1
036217,Female,Sarette Casely,Sales,5119.8
338536,Female,Hanny Kleinfeld,Human Resources,4337.9
716792,Male,Eal Raymont,Product Management,4923.8
389791,Male,Thaddeus Wandrack,Services,2403.8
181174,Male,Gabe Shailer,Services,9297.4
289470,Female,Noelle Jimes,Accounting,3873.1
283597,Female,Anatola MacLeod,Engineering,2222.5
206563,Male,Hervey Sherwill,Business Development,8373.4
886428,Male,Matthaeus Kondrachenko,Support,3428.6
681678,Female,Cari Hartridge,Business Development,1945.3
666143,Female,Olivia Longworth,Services,4239.9
248351,Female,Ashley Do Rosario,Marketing,4582.2
236424,Male,Fransisco Dacombe,Research and Development,2394
987992,Female,Guenna Tie,Support,4729.9
428898,Female,Deonne Calderbank,Business Development,4923.1
159992,Male,Eugenio Wimes,Services,9413.6
203144,Male,Haven Sneyd,Training,7457.8
967441,Male,Cazzie Stranieri,Engineering,4590.6
796152,Female,Bab Durning,Services,3816.4
603763,Male,Shayne Pahlsson,Engineering,1740.2
098330,Female,Thomasine Wank,Engineering,854.7
159408,Male,Les Gundry,Human Resources,2191
366337,Female,Birgit Leythley,Engineering,3668
695455,Female,Ethelyn Dew,Product Management,5188.4
762394,Female,Sonya Segge,Marketing,2298.1
488563,Male,Consalve Phillimore,Marketing,5584.6
372595,Female,Hope Dessaur,Research and Development,1670.2
523939,Male,Deck Iffe,Product Management,3364.2
829374,Male,Avictor McMechan,Research and Development,7988.4
562213,Male,Osbourne Guarnier,Services,7830.2
503923,Male,Tremaine Heineken,Accounting,5854.8
692154,Male,Whitney Bogies,Product Management,5650.4
522254,Male,Shaun Tyrone,Support,1099
776875,Female,Candace Haughian,Accounting,1395.8
388392,Female,Tonya Crossingham,Accounting,3894.8
787099,Female,Dulci Hallwood,Training,3712.8
832038,Male,Corey Askaw,Support,6342
716597,Male,Fred Gook,Services,4390.4
055858,Male,Rafaello Clac,Sales,9857.4
586210,Male,Ryon Fanton,Services,1668.8
925660,Male,Mikael Stiggles,Human Resources,2914.8
777313,Male,Shelton Stonard,Engineering,6395.2
909967,Female,Cori Hellwing,Engineering,3474.8
376719,Female,Mina Persent,Legal,1731.1
858198,Male,Gustavus Garlick,Training,3722.6
545534,Female,Marje de Werk,Accounting,538.3
392387,Male,Ted Wareham,Business Development,4268.6
020691,Male,Emmanuel Trinkwon,Training,5514.6
985642,Male,Ignaz Trengrouse,Product Management,6518.4
677560,Male,Kenneth Ernke,Services,837.2
197765,Male,Culley Dumphrey,Support,8404.2
914529,Female,Lilas Ellaman,Human Resources,1229.9
598528,Female,Berte Tatnell,Services,618.1
474554,Male,Darrel Willshere,Marketing,6511.4
679293,Male,Akim Druitt,Product Management,6153
610592,Female,Clarie Ludgate,Sales,1460.9
015651,Male,Douglas Sever,Human Resources,1064
985023,Male,Denys Welds,Human Resources,6011.6
377096,Male,Rabbi Rosell,Sales,9720.2
439811,Female,Marinna Meron,Legal,774.2
999333,Male,Creighton Albrecht,Legal,3014.2
112922,Female,Gipsy Wichard,Business Development,1176
378348,Female,Christabel Abson,Support,3010.7
938737,Male,Brodie Crowley,Services,8003.8
852808,Male,Ludvig Showte,Training,5317.2
493293,Male,Say Crockett,Engineering,8967
047669,Female,Eveline Paolone,Services,1730.4
133572,Female,Eliza Mulkerrins,Accounting,1715
992401,Female,Morgana Stranks,Sales,1597.4
782182,Male,Ethe Meates,Services,3962
801145,Male,Slade Wyer,Product Management,6694.8
893234,Female,Maryanna Alphege,Marketing,2224.6
309229,Female,Kathie O'Connell,Accounting,4932.2
616948,Male,Jedediah Lathee,Training,7282.8
793860,Female,Ermentrude Simeon,Engineering,2790.9
407583,Female,Miguelita Pearde,Accounting,3038
244308,Male,Tommie Liffey,Product Management,1416.8
398953,Male,Clay Barszczewski,Human Resources,1395.8
980421,Female,Elsie Hayer,Sales,5321.4
046773,Male,Karoly Biggs,Human Resources,4460.4
010592,Male,Shelby Rathborne,Support,9009
129915,Female,Kirsteni Jakubovitch,Human Resources,1020.6
212584,Male,Daven Pagel,Business Development,2660
259106,Male,Svend Tait,Marketing,4636.8
374616,Female,Eada Ilson,Engineering,1400
060777,Male,Shem Sarten,Accounting,8101.8
931571,Female,Dotty Twentyman,Product Management,1029.7
891641,Male,Jourdain Beyn,Human Resources,9455.6
124167,Female,Viviana Shoebotham,Research and Development,2116.8
940775,Male,Titos O' Finan,Engineering,5913.6
666903,Male,Briant Mazey,Legal,663.6
541497,Male,Tomas Scane,Support,2772
504134,Female,Prissie Quarless,Services,2235.8
697084,Male,Averell Keher,Marketing,7350
468853,Male,Wayland MacGowan,Support,1691.2
928639,Male,Greg Lawlee,Engineering,4114.6
558687,Male,Erasmus Aizikovitz,Sales,4918.2
405201,Female,Kara Allworthy,Training,2345
205418,Male,Cesaro Oloshin,Engineering,2206.4
142678,Female,Dorothea Pooley,Engineering,2988.3
192229,Female,Lexy Flips,Marketing,4818.8
363509,Female,Carlie Kingh,Product Management,2588.6
